{
  "majority": {
    "acc": 0.615877080665813
  },
  "silent_heuristic": {
    "acc": 0.8034571062740077
  },
  "n": 1562
}