{
  "old_sfr": 0.7979548660084627,
  "new_sfr": 0.5366713681241185,
  "old_silent": 2263,
  "new_silent": 1522,
  "total_failures": 2836,
  "total_runs": 4875
}